timestamp;runMode;algorithm;structure;dataType;distribution;structureSize;iterations;pivot;shellParam;time_us
2026-05-06 21:31:20;1;2;0;0;0;25000;50;-1;-1;1495
2026-05-06 21:31:20;1;2;0;0;0;25000;50;-1;-1;1864
2026-05-06 21:31:20;1;2;0;0;0;25000;50;-1;-1;1422
2026-05-06 21:31:20;1;2;0;0;0;25000;50;-1;-1;1425
2026-05-06 21:31:20;1;2;0;0;0;25000;50;-1;-1;1457
2026-05-06 21:31:20;1;2;0;0;0;25000;50;-1;-1;1410
2026-05-06 21:31:20;1;2;0;0;0;25000;50;-1;-1;1445
2026-05-06 21:31:20;1;2;0;0;0;25000;50;-1;-1;1401
2026-05-06 21:31:20;1;2;0;0;0;25000;50;-1;-1;1391
2026-05-06 21:31:20;1;2;0;0;0;25000;50;-1;-1;1435
2026-05-06 21:31:20;1;2;0;0;0;25000;50;-1;-1;1609
2026-05-06 21:31:20;1;2;0;0;0;25000;50;-1;-1;1520
2026-05-06 21:31:20;1;2;0;0;0;25000;50;-1;-1;1434
2026-05-06 21:31:20;1;2;0;0;0;25000;50;-1;-1;1488
2026-05-06 21:31:20;1;2;0;0;0;25000;50;-1;-1;1500
2026-05-06 21:31:20;1;2;0;0;0;25000;50;-1;-1;1422
2026-05-06 21:31:20;1;2;0;0;0;25000;50;-1;-1;1833
2026-05-06 21:31:20;1;2;0;0;0;25000;50;-1;-1;1477
2026-05-06 21:31:20;1;2;0;0;0;25000;50;-1;-1;1472
2026-05-06 21:31:20;1;2;0;0;0;25000;50;-1;-1;1438
2026-05-06 21:31:20;1;2;0;0;0;25000;50;-1;-1;1457
2026-05-06 21:31:20;1;2;0;0;0;25000;50;-1;-1;1419
2026-05-06 21:31:20;1;2;0;0;0;25000;50;-1;-1;1478
2026-05-06 21:31:20;1;2;0;0;0;25000;50;-1;-1;1410
2026-05-06 21:31:20;1;2;0;0;0;25000;50;-1;-1;1440
2026-05-06 21:31:20;1;2;0;0;0;25000;50;-1;-1;1458
2026-05-06 21:31:20;1;2;0;0;0;25000;50;-1;-1;1436
2026-05-06 21:31:20;1;2;0;0;0;25000;50;-1;-1;1432
2026-05-06 21:31:20;1;2;0;0;0;25000;50;-1;-1;1430
2026-05-06 21:31:20;1;2;0;0;0;25000;50;-1;-1;1436
2026-05-06 21:31:20;1;2;0;0;0;25000;50;-1;-1;1400
2026-05-06 21:31:20;1;2;0;0;0;25000;50;-1;-1;1427
2026-05-06 21:31:20;1;2;0;0;0;25000;50;-1;-1;1394
2026-05-06 21:31:20;1;2;0;0;0;25000;50;-1;-1;1391
2026-05-06 21:31:20;1;2;0;0;0;25000;50;-1;-1;1522
2026-05-06 21:31:20;1;2;0;0;0;25000;50;-1;-1;1441
2026-05-06 21:31:20;1;2;0;0;0;25000;50;-1;-1;1404
2026-05-06 21:31:20;1;2;0;0;0;25000;50;-1;-1;1443
2026-05-06 21:31:20;1;2;0;0;0;25000;50;-1;-1;1401
2026-05-06 21:31:20;1;2;0;0;0;25000;50;-1;-1;1388
2026-05-06 21:31:20;1;2;0;0;0;25000;50;-1;-1;1387
2026-05-06 21:31:20;1;2;0;0;0;25000;50;-1;-1;1436
2026-05-06 21:31:20;1;2;0;0;0;25000;50;-1;-1;1414
2026-05-06 21:31:20;1;2;0;0;0;25000;50;-1;-1;1461
2026-05-06 21:31:20;1;2;0;0;0;25000;50;-1;-1;1387
2026-05-06 21:31:20;1;2;0;0;0;25000;50;-1;-1;1381
2026-05-06 21:31:20;1;2;0;0;0;25000;50;-1;-1;1449
2026-05-06 21:31:20;1;2;0;0;0;25000;50;-1;-1;1398
2026-05-06 21:31:20;1;2;0;0;0;25000;50;-1;-1;1455
2026-05-06 21:31:20;1;2;0;0;0;25000;50;-1;-1;1416
2026-05-06 21:31:20;1;2;0;1;0;25000;50;-1;-1;1698
2026-05-06 21:31:20;1;2;0;1;0;25000;50;-1;-1;2316
2026-05-06 21:31:20;1;2;0;1;0;25000;50;-1;-1;1753
2026-05-06 21:31:21;1;2;0;1;0;25000;50;-1;-1;1672
2026-05-06 21:31:21;1;2;0;1;0;25000;50;-1;-1;1669
2026-05-06 21:31:21;1;2;0;1;0;25000;50;-1;-1;1687
2026-05-06 21:31:21;1;2;0;1;0;25000;50;-1;-1;2163
2026-05-06 21:31:21;1;2;0;1;0;25000;50;-1;-1;1677
2026-05-06 21:31:21;1;2;0;1;0;25000;50;-1;-1;2706
2026-05-06 21:31:21;1;2;0;1;0;25000;50;-1;-1;2529
2026-05-06 21:31:21;1;2;0;1;0;25000;50;-1;-1;1687
2026-05-06 21:31:21;1;2;0;1;0;25000;50;-1;-1;2134
2026-05-06 21:31:21;1;2;0;1;0;25000;50;-1;-1;1669
2026-05-06 21:31:21;1;2;0;1;0;25000;50;-1;-1;1702
2026-05-06 21:31:21;1;2;0;1;0;25000;50;-1;-1;1747
2026-05-06 21:31:21;1;2;0;1;0;25000;50;-1;-1;1841
2026-05-06 21:31:21;1;2;0;1;0;25000;50;-1;-1;1829
2026-05-06 21:31:21;1;2;0;1;0;25000;50;-1;-1;1748
2026-05-06 21:31:21;1;2;0;1;0;25000;50;-1;-1;3083
2026-05-06 21:31:21;1;2;0;1;0;25000;50;-1;-1;1903
2026-05-06 21:31:21;1;2;0;1;0;25000;50;-1;-1;1682
2026-05-06 21:31:21;1;2;0;1;0;25000;50;-1;-1;1739
2026-05-06 21:31:21;1;2;0;1;0;25000;50;-1;-1;1747
2026-05-06 21:31:21;1;2;0;1;0;25000;50;-1;-1;1730
2026-05-06 21:31:21;1;2;0;1;0;25000;50;-1;-1;2390
2026-05-06 21:31:21;1;2;0;1;0;25000;50;-1;-1;1993
2026-05-06 21:31:21;1;2;0;1;0;25000;50;-1;-1;2524
2026-05-06 21:31:21;1;2;0;1;0;25000;50;-1;-1;1675
2026-05-06 21:31:21;1;2;0;1;0;25000;50;-1;-1;2998
2026-05-06 21:31:21;1;2;0;1;0;25000;50;-1;-1;2032
2026-05-06 21:31:21;1;2;0;1;0;25000;50;-1;-1;2737
2026-05-06 21:31:21;1;2;0;1;0;25000;50;-1;-1;1821
2026-05-06 21:31:21;1;2;0;1;0;25000;50;-1;-1;1703
2026-05-06 21:31:21;1;2;0;1;0;25000;50;-1;-1;1724
2026-05-06 21:31:21;1;2;0;1;0;25000;50;-1;-1;1764
2026-05-06 21:31:21;1;2;0;1;0;25000;50;-1;-1;1662
2026-05-06 21:31:21;1;2;0;1;0;25000;50;-1;-1;2555
2026-05-06 21:31:21;1;2;0;1;0;25000;50;-1;-1;2015
2026-05-06 21:31:21;1;2;0;1;0;25000;50;-1;-1;2896
2026-05-06 21:31:21;1;2;0;1;0;25000;50;-1;-1;2006
2026-05-06 21:31:21;1;2;0;1;0;25000;50;-1;-1;1911
2026-05-06 21:31:21;1;2;0;1;0;25000;50;-1;-1;1947
2026-05-06 21:31:21;1;2;0;1;0;25000;50;-1;-1;2865
2026-05-06 21:31:21;1;2;0;1;0;25000;50;-1;-1;1867
2026-05-06 21:31:21;1;2;0;1;0;25000;50;-1;-1;1734
2026-05-06 21:31:21;1;2;0;1;0;25000;50;-1;-1;2778
2026-05-06 21:31:21;1;2;0;1;0;25000;50;-1;-1;2718
2026-05-06 21:31:21;1;2;0;1;0;25000;50;-1;-1;1939
2026-05-06 21:31:21;1;2;0;1;0;25000;50;-1;-1;2861
2026-05-06 21:31:21;1;2;0;1;0;25000;50;-1;-1;1988
2026-05-06 21:31:21;1;2;0;2;0;25000;50;-1;-1;2148
2026-05-06 21:31:21;1;2;0;2;0;25000;50;-1;-1;2155
2026-05-06 21:31:21;1;2;0;2;0;25000;50;-1;-1;1733
2026-05-06 21:31:21;1;2;0;2;0;25000;50;-1;-1;1812
2026-05-06 21:31:21;1;2;0;2;0;25000;50;-1;-1;2487
2026-05-06 21:31:21;1;2;0;2;0;25000;50;-1;-1;2085
2026-05-06 21:31:21;1;2;0;2;0;25000;50;-1;-1;1834
2026-05-06 21:31:21;1;2;0;2;0;25000;50;-1;-1;1987
2026-05-06 21:31:21;1;2;0;2;0;25000;50;-1;-1;1946
2026-05-06 21:31:21;1;2;0;2;0;25000;50;-1;-1;2202
2026-05-06 21:31:21;1;2;0;2;0;25000;50;-1;-1;2186
2026-05-06 21:31:21;1;2;0;2;0;25000;50;-1;-1;2039
2026-05-06 21:31:21;1;2;0;2;0;25000;50;-1;-1;2194
2026-05-06 21:31:21;1;2;0;2;0;25000;50;-1;-1;1715
2026-05-06 21:31:21;1;2;0;2;0;25000;50;-1;-1;1768
2026-05-06 21:31:21;1;2;0;2;0;25000;50;-1;-1;1804
2026-05-06 21:31:21;1;2;0;2;0;25000;50;-1;-1;3026
2026-05-06 21:31:21;1;2;0;2;0;25000;50;-1;-1;1674
2026-05-06 21:31:21;1;2;0;2;0;25000;50;-1;-1;1767
2026-05-06 21:31:21;1;2;0;2;0;25000;50;-1;-1;1785
2026-05-06 21:31:21;1;2;0;2;0;25000;50;-1;-1;1743
2026-05-06 21:31:21;1;2;0;2;0;25000;50;-1;-1;3089
2026-05-06 21:31:21;1;2;0;2;0;25000;50;-1;-1;2938
2026-05-06 21:31:21;1;2;0;2;0;25000;50;-1;-1;2054
2026-05-06 21:31:21;1;2;0;2;0;25000;50;-1;-1;3106
2026-05-06 21:31:21;1;2;0;2;0;25000;50;-1;-1;1988
2026-05-06 21:31:21;1;2;0;2;0;25000;50;-1;-1;2939
2026-05-06 21:31:21;1;2;0;2;0;25000;50;-1;-1;1786
2026-05-06 21:31:21;1;2;0;2;0;25000;50;-1;-1;2542
2026-05-06 21:31:21;1;2;0;2;0;25000;50;-1;-1;1899
2026-05-06 21:31:21;1;2;0;2;0;25000;50;-1;-1;1755
2026-05-06 21:31:21;1;2;0;2;0;25000;50;-1;-1;1789
2026-05-06 21:31:21;1;2;0;2;0;25000;50;-1;-1;1691
2026-05-06 21:31:21;1;2;0;2;0;25000;50;-1;-1;2472
2026-05-06 21:31:21;1;2;0;2;0;25000;50;-1;-1;2726
2026-05-06 21:31:21;1;2;0;2;0;25000;50;-1;-1;1778
2026-05-06 21:31:21;1;2;0;2;0;25000;50;-1;-1;1765
2026-05-06 21:31:21;1;2;0;2;0;25000;50;-1;-1;1829
2026-05-06 21:31:21;1;2;0;2;0;25000;50;-1;-1;1678
2026-05-06 21:31:21;1;2;0;2;0;25000;50;-1;-1;1657
2026-05-06 21:31:21;1;2;0;2;0;25000;50;-1;-1;1777
2026-05-06 21:31:21;1;2;0;2;0;25000;50;-1;-1;1664
2026-05-06 21:31:21;1;2;0;2;0;25000;50;-1;-1;1666
2026-05-06 21:31:21;1;2;0;2;0;25000;50;-1;-1;1682
2026-05-06 21:31:21;1;2;0;2;0;25000;50;-1;-1;1661
2026-05-06 21:31:21;1;2;0;2;0;25000;50;-1;-1;1704
2026-05-06 21:31:21;1;2;0;2;0;25000;50;-1;-1;1651
2026-05-06 21:31:21;1;2;0;2;0;25000;50;-1;-1;1737
2026-05-06 21:31:21;1;2;0;2;0;25000;50;-1;-1;1742
2026-05-06 21:31:21;1;2;0;2;0;25000;50;-1;-1;1742
2026-05-06 21:31:21;1;2;0;3;0;25000;50;-1;-1;1793
2026-05-06 21:31:22;1;2;0;3;0;25000;50;-1;-1;1020
2026-05-06 21:31:22;1;2;0;3;0;25000;50;-1;-1;1073
2026-05-06 21:31:22;1;2;0;3;0;25000;50;-1;-1;1383
2026-05-06 21:31:22;1;2;0;3;0;25000;50;-1;-1;1419
2026-05-06 21:31:22;1;2;0;3;0;25000;50;-1;-1;1081
2026-05-06 21:31:22;1;2;0;3;0;25000;50;-1;-1;1042
2026-05-06 21:31:22;1;2;0;3;0;25000;50;-1;-1;1010
2026-05-06 21:31:22;1;2;0;3;0;25000;50;-1;-1;998
2026-05-06 21:31:22;1;2;0;3;0;25000;50;-1;-1;1069
2026-05-06 21:31:22;1;2;0;3;0;25000;50;-1;-1;1025
2026-05-06 21:31:22;1;2;0;3;0;25000;50;-1;-1;1022
2026-05-06 21:31:22;1;2;0;3;0;25000;50;-1;-1;1023
2026-05-06 21:31:22;1;2;0;3;0;25000;50;-1;-1;1025
2026-05-06 21:31:22;1;2;0;3;0;25000;50;-1;-1;999
2026-05-06 21:31:22;1;2;0;3;0;25000;50;-1;-1;992
2026-05-06 21:31:22;1;2;0;3;0;25000;50;-1;-1;1023
2026-05-06 21:31:22;1;2;0;3;0;25000;50;-1;-1;1154
2026-05-06 21:31:22;1;2;0;3;0;25000;50;-1;-1;1114
2026-05-06 21:31:22;1;2;0;3;0;25000;50;-1;-1;1026
2026-05-06 21:31:22;1;2;0;3;0;25000;50;-1;-1;1025
2026-05-06 21:31:22;1;2;0;3;0;25000;50;-1;-1;1079
2026-05-06 21:31:22;1;2;0;3;0;25000;50;-1;-1;1025
2026-05-06 21:31:22;1;2;0;3;0;25000;50;-1;-1;1001
2026-05-06 21:31:22;1;2;0;3;0;25000;50;-1;-1;1027
2026-05-06 21:31:22;1;2;0;3;0;25000;50;-1;-1;1260
2026-05-06 21:31:22;1;2;0;3;0;25000;50;-1;-1;1039
2026-05-06 21:31:22;1;2;0;3;0;25000;50;-1;-1;1024
2026-05-06 21:31:22;1;2;0;3;0;25000;50;-1;-1;1062
2026-05-06 21:31:22;1;2;0;3;0;25000;50;-1;-1;1021
2026-05-06 21:31:22;1;2;0;3;0;25000;50;-1;-1;1014
2026-05-06 21:31:22;1;2;0;3;0;25000;50;-1;-1;995
2026-05-06 21:31:22;1;2;0;3;0;25000;50;-1;-1;1002
2026-05-06 21:31:22;1;2;0;3;0;25000;50;-1;-1;993
2026-05-06 21:31:22;1;2;0;3;0;25000;50;-1;-1;1023
2026-05-06 21:31:22;1;2;0;3;0;25000;50;-1;-1;1009
2026-05-06 21:31:22;1;2;0;3;0;25000;50;-1;-1;996
2026-05-06 21:31:22;1;2;0;3;0;25000;50;-1;-1;997
2026-05-06 21:31:22;1;2;0;3;0;25000;50;-1;-1;991
2026-05-06 21:31:22;1;2;0;3;0;25000;50;-1;-1;989
2026-05-06 21:31:22;1;2;0;3;0;25000;50;-1;-1;992
2026-05-06 21:31:22;1;2;0;3;0;25000;50;-1;-1;1025
2026-05-06 21:31:22;1;2;0;3;0;25000;50;-1;-1;994
2026-05-06 21:31:22;1;2;0;3;0;25000;50;-1;-1;1021
2026-05-06 21:31:22;1;2;0;3;0;25000;50;-1;-1;1022
2026-05-06 21:31:22;1;2;0;3;0;25000;50;-1;-1;1013
2026-05-06 21:31:22;1;2;0;3;0;25000;50;-1;-1;1027
2026-05-06 21:31:22;1;2;0;3;0;25000;50;-1;-1;1009
2026-05-06 21:31:22;1;2;0;3;0;25000;50;-1;-1;1012
2026-05-06 21:31:22;1;2;0;3;0;25000;50;-1;-1;988
2026-05-06 21:31:22;1;2;0;5;0;25000;50;-1;-1;1412
2026-05-06 21:31:22;1;2;0;5;0;25000;50;-1;-1;1540
2026-05-06 21:31:22;1;2;0;5;0;25000;50;-1;-1;1454
2026-05-06 21:31:22;1;2;0;5;0;25000;50;-1;-1;1478
2026-05-06 21:31:22;1;2;0;5;0;25000;50;-1;-1;2258
2026-05-06 21:31:22;1;2;0;5;0;25000;50;-1;-1;1448
2026-05-06 21:31:22;1;2;0;5;0;25000;50;-1;-1;1405
2026-05-06 21:31:22;1;2;0;5;0;25000;50;-1;-1;1389
2026-05-06 21:31:22;1;2;0;5;0;25000;50;-1;-1;1445
2026-05-06 21:31:22;1;2;0;5;0;25000;50;-1;-1;1390
2026-05-06 21:31:22;1;2;0;5;0;25000;50;-1;-1;1942
2026-05-06 21:31:22;1;2;0;5;0;25000;50;-1;-1;1485
2026-05-06 21:31:22;1;2;0;5;0;25000;50;-1;-1;1444
2026-05-06 21:31:22;1;2;0;5;0;25000;50;-1;-1;1419
2026-05-06 21:31:22;1;2;0;5;0;25000;50;-1;-1;1423
2026-05-06 21:31:22;1;2;0;5;0;25000;50;-1;-1;1430
2026-05-06 21:31:22;1;2;0;5;0;25000;50;-1;-1;1449
2026-05-06 21:31:22;1;2;0;5;0;25000;50;-1;-1;1377
2026-05-06 21:31:22;1;2;0;5;0;25000;50;-1;-1;1379
2026-05-06 21:31:22;1;2;0;5;0;25000;50;-1;-1;1416
2026-05-06 21:31:22;1;2;0;5;0;25000;50;-1;-1;1385
2026-05-06 21:31:22;1;2;0;5;0;25000;50;-1;-1;1383
2026-05-06 21:31:22;1;2;0;5;0;25000;50;-1;-1;1893
2026-05-06 21:31:22;1;2;0;5;0;25000;50;-1;-1;1483
2026-05-06 21:31:22;1;2;0;5;0;25000;50;-1;-1;1433
2026-05-06 21:31:22;1;2;0;5;0;25000;50;-1;-1;1458
2026-05-06 21:31:22;1;2;0;5;0;25000;50;-1;-1;2034
2026-05-06 21:31:22;1;2;0;5;0;25000;50;-1;-1;1423
2026-05-06 21:31:22;1;2;0;5;0;25000;50;-1;-1;1501
2026-05-06 21:31:22;1;2;0;5;0;25000;50;-1;-1;1497
2026-05-06 21:31:22;1;2;0;5;0;25000;50;-1;-1;1441
2026-05-06 21:31:22;1;2;0;5;0;25000;50;-1;-1;1394
2026-05-06 21:31:22;1;2;0;5;0;25000;50;-1;-1;1793
2026-05-06 21:31:22;1;2;0;5;0;25000;50;-1;-1;1398
2026-05-06 21:31:22;1;2;0;5;0;25000;50;-1;-1;1392
2026-05-06 21:31:22;1;2;0;5;0;25000;50;-1;-1;1385
2026-05-06 21:31:22;1;2;0;5;0;25000;50;-1;-1;1424
2026-05-06 21:31:22;1;2;0;5;0;25000;50;-1;-1;1404
2026-05-06 21:31:22;1;2;0;5;0;25000;50;-1;-1;1382
2026-05-06 21:31:22;1;2;0;5;0;25000;50;-1;-1;1389
2026-05-06 21:31:22;1;2;0;5;0;25000;50;-1;-1;1397
2026-05-06 21:31:22;1;2;0;5;0;25000;50;-1;-1;1447
2026-05-06 21:31:22;1;2;0;5;0;25000;50;-1;-1;1427
2026-05-06 21:31:22;1;2;0;5;0;25000;50;-1;-1;1423
2026-05-06 21:31:22;1;2;0;5;0;25000;50;-1;-1;1416
2026-05-06 21:31:22;1;2;0;5;0;25000;50;-1;-1;1434
2026-05-06 21:31:22;1;2;0;5;0;25000;50;-1;-1;1402
2026-05-06 21:31:22;1;2;0;5;0;25000;50;-1;-1;1397
2026-05-06 21:31:22;1;2;0;5;0;25000;50;-1;-1;1383
2026-05-06 21:31:22;1;2;0;5;0;25000;50;-1;-1;1371
2026-05-06 21:31:22;1;4;0;0;0;25000;50;-1;-1;717
2026-05-06 21:31:22;1;4;0;0;0;25000;50;-1;-1;611
2026-05-06 21:31:22;1;4;0;0;0;25000;50;-1;-1;578
2026-05-06 21:31:22;1;4;0;0;0;25000;50;-1;-1;587
2026-05-06 21:31:23;1;4;0;0;0;25000;50;-1;-1;620
2026-05-06 21:31:23;1;4;0;0;0;25000;50;-1;-1;568
2026-05-06 21:31:23;1;4;0;0;0;25000;50;-1;-1;558
2026-05-06 21:31:23;1;4;0;0;0;25000;50;-1;-1;577
2026-05-06 21:31:23;1;4;0;0;0;25000;50;-1;-1;576
2026-05-06 21:31:23;1;4;0;0;0;25000;50;-1;-1;572
2026-05-06 21:31:23;1;4;0;0;0;25000;50;-1;-1;573
2026-05-06 21:31:23;1;4;0;0;0;25000;50;-1;-1;560
2026-05-06 21:31:23;1;4;0;0;0;25000;50;-1;-1;551
2026-05-06 21:31:23;1;4;0;0;0;25000;50;-1;-1;596
2026-05-06 21:31:23;1;4;0;0;0;25000;50;-1;-1;547
2026-05-06 21:31:23;1;4;0;0;0;25000;50;-1;-1;545
2026-05-06 21:31:23;1;4;0;0;0;25000;50;-1;-1;550
2026-05-06 21:31:23;1;4;0;0;0;25000;50;-1;-1;580
2026-05-06 21:31:23;1;4;0;0;0;25000;50;-1;-1;838
2026-05-06 21:31:23;1;4;0;0;0;25000;50;-1;-1;571
2026-05-06 21:31:23;1;4;0;0;0;25000;50;-1;-1;571
2026-05-06 21:31:23;1;4;0;0;0;25000;50;-1;-1;571
2026-05-06 21:31:23;1;4;0;0;0;25000;50;-1;-1;572
2026-05-06 21:31:23;1;4;0;0;0;25000;50;-1;-1;557
2026-05-06 21:31:23;1;4;0;0;0;25000;50;-1;-1;552
2026-05-06 21:31:23;1;4;0;0;0;25000;50;-1;-1;569
2026-05-06 21:31:23;1;4;0;0;0;25000;50;-1;-1;566
2026-05-06 21:31:23;1;4;0;0;0;25000;50;-1;-1;547
2026-05-06 21:31:23;1;4;0;0;0;25000;50;-1;-1;989
2026-05-06 21:31:23;1;4;0;0;0;25000;50;-1;-1;573
2026-05-06 21:31:23;1;4;0;0;0;25000;50;-1;-1;565
2026-05-06 21:31:23;1;4;0;0;0;25000;50;-1;-1;576
2026-05-06 21:31:23;1;4;0;0;0;25000;50;-1;-1;558
2026-05-06 21:31:23;1;4;0;0;0;25000;50;-1;-1;560
2026-05-06 21:31:23;1;4;0;0;0;25000;50;-1;-1;780
2026-05-06 21:31:23;1;4;0;0;0;25000;50;-1;-1;577
2026-05-06 21:31:23;1;4;0;0;0;25000;50;-1;-1;574
2026-05-06 21:31:23;1;4;0;0;0;25000;50;-1;-1;577
2026-05-06 21:31:23;1;4;0;0;0;25000;50;-1;-1;577
2026-05-06 21:31:23;1;4;0;0;0;25000;50;-1;-1;569
2026-05-06 21:31:23;1;4;0;0;0;25000;50;-1;-1;575
2026-05-06 21:31:23;1;4;0;0;0;25000;50;-1;-1;562
2026-05-06 21:31:23;1;4;0;0;0;25000;50;-1;-1;560
2026-05-06 21:31:23;1;4;0;0;0;25000;50;-1;-1;555
2026-05-06 21:31:23;1;4;0;0;0;25000;50;-1;-1;661
2026-05-06 21:31:23;1;4;0;0;0;25000;50;-1;-1;608
2026-05-06 21:31:23;1;4;0;0;0;25000;50;-1;-1;557
2026-05-06 21:31:23;1;4;0;0;0;25000;50;-1;-1;552
2026-05-06 21:31:23;1;4;0;0;0;25000;50;-1;-1;550
2026-05-06 21:31:23;1;4;0;0;0;25000;50;-1;-1;600
2026-05-06 21:31:23;1;4;0;1;0;25000;50;-1;-1;854
2026-05-06 21:31:23;1;4;0;1;0;25000;50;-1;-1;597
2026-05-06 21:31:23;1;4;0;1;0;25000;50;-1;-1;606
2026-05-06 21:31:23;1;4;0;1;0;25000;50;-1;-1;681
2026-05-06 21:31:23;1;4;0;1;0;25000;50;-1;-1;684
2026-05-06 21:31:23;1;4;0;1;0;25000;50;-1;-1;609
2026-05-06 21:31:23;1;4;0;1;0;25000;50;-1;-1;611
2026-05-06 21:31:23;1;4;0;1;0;25000;50;-1;-1;598
2026-05-06 21:31:23;1;4;0;1;0;25000;50;-1;-1;593
2026-05-06 21:31:23;1;4;0;1;0;25000;50;-1;-1;605
2026-05-06 21:31:23;1;4;0;1;0;25000;50;-1;-1;611
2026-05-06 21:31:23;1;4;0;1;0;25000;50;-1;-1;598
2026-05-06 21:31:23;1;4;0;1;0;25000;50;-1;-1;647
2026-05-06 21:31:23;1;4;0;1;0;25000;50;-1;-1;613
2026-05-06 21:31:23;1;4;0;1;0;25000;50;-1;-1;602
2026-05-06 21:31:23;1;4;0;1;0;25000;50;-1;-1;614
2026-05-06 21:31:23;1;4;0;1;0;25000;50;-1;-1;610
2026-05-06 21:31:23;1;4;0;1;0;25000;50;-1;-1;606
2026-05-06 21:31:23;1;4;0;1;0;25000;50;-1;-1;620
2026-05-06 21:31:23;1;4;0;1;0;25000;50;-1;-1;599
2026-05-06 21:31:23;1;4;0;1;0;25000;50;-1;-1;848
2026-05-06 21:31:23;1;4;0;1;0;25000;50;-1;-1;874
2026-05-06 21:31:23;1;4;0;1;0;25000;50;-1;-1;611
2026-05-06 21:31:23;1;4;0;1;0;25000;50;-1;-1;611
2026-05-06 21:31:23;1;4;0;1;0;25000;50;-1;-1;613
2026-05-06 21:31:23;1;4;0;1;0;25000;50;-1;-1;658
2026-05-06 21:31:23;1;4;0;1;0;25000;50;-1;-1;621
2026-05-06 21:31:23;1;4;0;1;0;25000;50;-1;-1;614
2026-05-06 21:31:23;1;4;0;1;0;25000;50;-1;-1;603
2026-05-06 21:31:23;1;4;0;1;0;25000;50;-1;-1;968
2026-05-06 21:31:23;1;4;0;1;0;25000;50;-1;-1;632
2026-05-06 21:31:23;1;4;0;1;0;25000;50;-1;-1;605
2026-05-06 21:31:23;1;4;0;1;0;25000;50;-1;-1;601
2026-05-06 21:31:23;1;4;0;1;0;25000;50;-1;-1;592
2026-05-06 21:31:23;1;4;0;1;0;25000;50;-1;-1;592
2026-05-06 21:31:23;1;4;0;1;0;25000;50;-1;-1;581
2026-05-06 21:31:23;1;4;0;1;0;25000;50;-1;-1;579
2026-05-06 21:31:23;1;4;0;1;0;25000;50;-1;-1;576
2026-05-06 21:31:23;1;4;0;1;0;25000;50;-1;-1;598
2026-05-06 21:31:23;1;4;0;1;0;25000;50;-1;-1;589
2026-05-06 21:31:23;1;4;0;1;0;25000;50;-1;-1;612
2026-05-06 21:31:23;1;4;0;1;0;25000;50;-1;-1;610
2026-05-06 21:31:23;1;4;0;1;0;25000;50;-1;-1;613
2026-05-06 21:31:23;1;4;0;1;0;25000;50;-1;-1;639
2026-05-06 21:31:23;1;4;0;1;0;25000;50;-1;-1;605
2026-05-06 21:31:23;1;4;0;1;0;25000;50;-1;-1;612
2026-05-06 21:31:23;1;4;0;1;0;25000;50;-1;-1;610
2026-05-06 21:31:23;1;4;0;1;0;25000;50;-1;-1;606
2026-05-06 21:31:23;1;4;0;1;0;25000;50;-1;-1;619
2026-05-06 21:31:23;1;4;0;1;0;25000;50;-1;-1;587
2026-05-06 21:31:23;1;4;0;2;0;25000;50;-1;-1;915
2026-05-06 21:31:23;1;4;0;2;0;25000;50;-1;-1;875
2026-05-06 21:31:23;1;4;0;2;0;25000;50;-1;-1;859
2026-05-06 21:31:23;1;4;0;2;0;25000;50;-1;-1;852
2026-05-06 21:31:23;1;4;0;2;0;25000;50;-1;-1;1046
2026-05-06 21:31:23;1;4;0;2;0;25000;50;-1;-1;815
2026-05-06 21:31:23;1;4;0;2;0;25000;50;-1;-1;1267
2026-05-06 21:31:24;1;4;0;2;0;25000;50;-1;-1;816
2026-05-06 21:31:24;1;4;0;2;0;25000;50;-1;-1;812
2026-05-06 21:31:24;1;4;0;2;0;25000;50;-1;-1;814
2026-05-06 21:31:24;1;4;0;2;0;25000;50;-1;-1;824
2026-05-06 21:31:24;1;4;0;2;0;25000;50;-1;-1;802
2026-05-06 21:31:24;1;4;0;2;0;25000;50;-1;-1;812
2026-05-06 21:31:24;1;4;0;2;0;25000;50;-1;-1;818
2026-05-06 21:31:24;1;4;0;2;0;25000;50;-1;-1;849
2026-05-06 21:31:24;1;4;0;2;0;25000;50;-1;-1;817
2026-05-06 21:31:24;1;4;0;2;0;25000;50;-1;-1;825
2026-05-06 21:31:24;1;4;0;2;0;25000;50;-1;-1;904
2026-05-06 21:31:24;1;4;0;2;0;25000;50;-1;-1;813
2026-05-06 21:31:24;1;4;0;2;0;25000;50;-1;-1;1061
2026-05-06 21:31:24;1;4;0;2;0;25000;50;-1;-1;826
2026-05-06 21:31:24;1;4;0;2;0;25000;50;-1;-1;1120
2026-05-06 21:31:24;1;4;0;2;0;25000;50;-1;-1;1228
2026-05-06 21:31:24;1;4;0;2;0;25000;50;-1;-1;985
2026-05-06 21:31:24;1;4;0;2;0;25000;50;-1;-1;938
2026-05-06 21:31:24;1;4;0;2;0;25000;50;-1;-1;1229
2026-05-06 21:31:24;1;4;0;2;0;25000;50;-1;-1;1024
2026-05-06 21:31:24;1;4;0;2;0;25000;50;-1;-1;1248
2026-05-06 21:31:24;1;4;0;2;0;25000;50;-1;-1;826
2026-05-06 21:31:24;1;4;0;2;0;25000;50;-1;-1;1377
2026-05-06 21:31:24;1;4;0;2;0;25000;50;-1;-1;900
2026-05-06 21:31:24;1;4;0;2;0;25000;50;-1;-1;820
2026-05-06 21:31:24;1;4;0;2;0;25000;50;-1;-1;932
2026-05-06 21:31:24;1;4;0;2;0;25000;50;-1;-1;1305
2026-05-06 21:31:24;1;4;0;2;0;25000;50;-1;-1;865
2026-05-06 21:31:24;1;4;0;2;0;25000;50;-1;-1;1183
2026-05-06 21:31:24;1;4;0;2;0;25000;50;-1;-1;1143
2026-05-06 21:31:24;1;4;0;2;0;25000;50;-1;-1;971
2026-05-06 21:31:24;1;4;0;2;0;25000;50;-1;-1;1575
2026-05-06 21:31:24;1;4;0;2;0;25000;50;-1;-1;852
2026-05-06 21:31:24;1;4;0;2;0;25000;50;-1;-1;1198
2026-05-06 21:31:24;1;4;0;2;0;25000;50;-1;-1;930
2026-05-06 21:31:24;1;4;0;2;0;25000;50;-1;-1;822
2026-05-06 21:31:24;1;4;0;2;0;25000;50;-1;-1;982
2026-05-06 21:31:24;1;4;0;2;0;25000;50;-1;-1;887
2026-05-06 21:31:24;1;4;0;2;0;25000;50;-1;-1;1256
2026-05-06 21:31:24;1;4;0;2;0;25000;50;-1;-1;1368
2026-05-06 21:31:24;1;4;0;2;0;25000;50;-1;-1;820
2026-05-06 21:31:24;1;4;0;2;0;25000;50;-1;-1;889
2026-05-06 21:31:24;1;4;0;2;0;25000;50;-1;-1;1207
2026-05-06 21:31:24;1;4;0;3;0;25000;50;-1;-1;118
2026-05-06 21:31:24;1;4;0;3;0;25000;50;-1;-1;119
2026-05-06 21:31:24;1;4;0;3;0;25000;50;-1;-1;109
2026-05-06 21:31:24;1;4;0;3;0;25000;50;-1;-1;118
2026-05-06 21:31:24;1;4;0;3;0;25000;50;-1;-1;170
2026-05-06 21:31:24;1;4;0;3;0;25000;50;-1;-1;328
2026-05-06 21:31:24;1;4;0;3;0;25000;50;-1;-1;112
2026-05-06 21:31:24;1;4;0;3;0;25000;50;-1;-1;112
2026-05-06 21:31:24;1;4;0;3;0;25000;50;-1;-1;109
2026-05-06 21:31:24;1;4;0;3;0;25000;50;-1;-1;306
2026-05-06 21:31:24;1;4;0;3;0;25000;50;-1;-1;122
2026-05-06 21:31:24;1;4;0;3;0;25000;50;-1;-1;331
2026-05-06 21:31:24;1;4;0;3;0;25000;50;-1;-1;111
2026-05-06 21:31:24;1;4;0;3;0;25000;50;-1;-1;113
2026-05-06 21:31:24;1;4;0;3;0;25000;50;-1;-1;112
2026-05-06 21:31:24;1;4;0;3;0;25000;50;-1;-1;112
2026-05-06 21:31:24;1;4;0;3;0;25000;50;-1;-1;110
2026-05-06 21:31:24;1;4;0;3;0;25000;50;-1;-1;111
2026-05-06 21:31:24;1;4;0;3;0;25000;50;-1;-1;342
2026-05-06 21:31:24;1;4;0;3;0;25000;50;-1;-1;116
2026-05-06 21:31:24;1;4;0;3;0;25000;50;-1;-1;110
2026-05-06 21:31:24;1;4;0;3;0;25000;50;-1;-1;107
2026-05-06 21:31:24;1;4;0;3;0;25000;50;-1;-1;116
2026-05-06 21:31:24;1;4;0;3;0;25000;50;-1;-1;332
2026-05-06 21:31:24;1;4;0;3;0;25000;50;-1;-1;116
2026-05-06 21:31:24;1;4;0;3;0;25000;50;-1;-1;150
2026-05-06 21:31:24;1;4;0;3;0;25000;50;-1;-1;113
2026-05-06 21:31:24;1;4;0;3;0;25000;50;-1;-1;143
2026-05-06 21:31:24;1;4;0;3;0;25000;50;-1;-1;114
2026-05-06 21:31:24;1;4;0;3;0;25000;50;-1;-1;116
2026-05-06 21:31:24;1;4;0;3;0;25000;50;-1;-1;115
2026-05-06 21:31:24;1;4;0;3;0;25000;50;-1;-1;115
2026-05-06 21:31:24;1;4;0;3;0;25000;50;-1;-1;110
2026-05-06 21:31:24;1;4;0;3;0;25000;50;-1;-1;109
2026-05-06 21:31:24;1;4;0;3;0;25000;50;-1;-1;108
2026-05-06 21:31:24;1;4;0;3;0;25000;50;-1;-1;115
2026-05-06 21:31:24;1;4;0;3;0;25000;50;-1;-1;122
2026-05-06 21:31:24;1;4;0;3;0;25000;50;-1;-1;329
2026-05-06 21:31:24;1;4;0;3;0;25000;50;-1;-1;110
2026-05-06 21:31:24;1;4;0;3;0;25000;50;-1;-1;109
2026-05-06 21:31:24;1;4;0;3;0;25000;50;-1;-1;115
2026-05-06 21:31:24;1;4;0;3;0;25000;50;-1;-1;109
2026-05-06 21:31:24;1;4;0;3;0;25000;50;-1;-1;111
2026-05-06 21:31:24;1;4;0;3;0;25000;50;-1;-1;164
2026-05-06 21:31:24;1;4;0;3;0;25000;50;-1;-1;112
2026-05-06 21:31:24;1;4;0;3;0;25000;50;-1;-1;107
2026-05-06 21:31:24;1;4;0;3;0;25000;50;-1;-1;112
2026-05-06 21:31:25;1;4;0;3;0;25000;50;-1;-1;108
2026-05-06 21:31:25;1;4;0;3;0;25000;50;-1;-1;113
2026-05-06 21:31:25;1;4;0;3;0;25000;50;-1;-1;111
2026-05-06 21:31:25;1;4;0;5;0;25000;50;-1;-1;616
2026-05-06 21:31:25;1;4;0;5;0;25000;50;-1;-1;617
2026-05-06 21:31:25;1;4;0;5;0;25000;50;-1;-1;686
2026-05-06 21:31:25;1;4;0;5;0;25000;50;-1;-1;780
2026-05-06 21:31:25;1;4;0;5;0;25000;50;-1;-1;594
2026-05-06 21:31:25;1;4;0;5;0;25000;50;-1;-1;589
2026-05-06 21:31:25;1;4;0;5;0;25000;50;-1;-1;585
2026-05-06 21:31:25;1;4;0;5;0;25000;50;-1;-1;606
2026-05-06 21:31:25;1;4;0;5;0;25000;50;-1;-1;639
2026-05-06 21:31:25;1;4;0;5;0;25000;50;-1;-1;591
2026-05-06 21:31:25;1;4;0;5;0;25000;50;-1;-1;673
2026-05-06 21:31:25;1;4;0;5;0;25000;50;-1;-1;602
2026-05-06 21:31:25;1;4;0;5;0;25000;50;-1;-1;566
2026-05-06 21:31:25;1;4;0;5;0;25000;50;-1;-1;563
2026-05-06 21:31:25;1;4;0;5;0;25000;50;-1;-1;556
2026-05-06 21:31:25;1;4;0;5;0;25000;50;-1;-1;564
2026-05-06 21:31:25;1;4;0;5;0;25000;50;-1;-1;550
2026-05-06 21:31:25;1;4;0;5;0;25000;50;-1;-1;580
2026-05-06 21:31:25;1;4;0;5;0;25000;50;-1;-1;577
2026-05-06 21:31:25;1;4;0;5;0;25000;50;-1;-1;580
2026-05-06 21:31:25;1;4;0;5;0;25000;50;-1;-1;552
2026-05-06 21:31:25;1;4;0;5;0;25000;50;-1;-1;585
2026-05-06 21:31:25;1;4;0;5;0;25000;50;-1;-1;632
2026-05-06 21:31:25;1;4;0;5;0;25000;50;-1;-1;591
2026-05-06 21:31:25;1;4;0;5;0;25000;50;-1;-1;577
2026-05-06 21:31:25;1;4;0;5;0;25000;50;-1;-1;608
2026-05-06 21:31:25;1;4;0;5;0;25000;50;-1;-1;563
2026-05-06 21:31:25;1;4;0;5;0;25000;50;-1;-1;564
2026-05-06 21:31:25;1;4;0;5;0;25000;50;-1;-1;588
2026-05-06 21:31:25;1;4;0;5;0;25000;50;-1;-1;579
2026-05-06 21:31:25;1;4;0;5;0;25000;50;-1;-1;564
2026-05-06 21:31:25;1;4;0;5;0;25000;50;-1;-1;562
2026-05-06 21:31:25;1;4;0;5;0;25000;50;-1;-1;555
2026-05-06 21:31:25;1;4;0;5;0;25000;50;-1;-1;564
2026-05-06 21:31:25;1;4;0;5;0;25000;50;-1;-1;576
2026-05-06 21:31:25;1;4;0;5;0;25000;50;-1;-1;553
2026-05-06 21:31:25;1;4;0;5;0;25000;50;-1;-1;550
2026-05-06 21:31:25;1;4;0;5;0;25000;50;-1;-1;589
2026-05-06 21:31:25;1;4;0;5;0;25000;50;-1;-1;587
2026-05-06 21:31:25;1;4;0;5;0;25000;50;-1;-1;777
2026-05-06 21:31:25;1;4;0;5;0;25000;50;-1;-1;553
2026-05-06 21:31:25;1;4;0;5;0;25000;50;-1;-1;623
2026-05-06 21:31:25;1;4;0;5;0;25000;50;-1;-1;564
2026-05-06 21:31:25;1;4;0;5;0;25000;50;-1;-1;549
2026-05-06 21:31:25;1;4;0;5;0;25000;50;-1;-1;744
2026-05-06 21:31:25;1;4;0;5;0;25000;50;-1;-1;586
2026-05-06 21:31:25;1;4;0;5;0;25000;50;-1;-1;579
2026-05-06 21:31:25;1;4;0;5;0;25000;50;-1;-1;599
2026-05-06 21:31:25;1;4;0;5;0;25000;50;-1;-1;567
2026-05-06 21:31:25;1;4;0;5;0;25000;50;-1;-1;588
2026-05-06 21:31:25;1;5;0;0;0;25000;50;-1;-1;1499
2026-05-06 21:31:25;1;5;0;0;0;25000;50;-1;-1;1872
2026-05-06 21:31:25;1;5;0;0;0;25000;50;-1;-1;1284
2026-05-06 21:31:25;1;5;0;0;0;25000;50;-1;-1;1283
2026-05-06 21:31:25;1;5;0;0;0;25000;50;-1;-1;1318
2026-05-06 21:31:25;1;5;0;0;0;25000;50;-1;-1;1373
2026-05-06 21:31:25;1;5;0;0;0;25000;50;-1;-1;1330
2026-05-06 21:31:25;1;5;0;0;0;25000;50;-1;-1;1274
2026-05-06 21:31:25;1;5;0;0;0;25000;50;-1;-1;1246
2026-05-06 21:31:25;1;5;0;0;0;25000;50;-1;-1;1292
2026-05-06 21:31:25;1;5;0;0;0;25000;50;-1;-1;1995
2026-05-06 21:31:25;1;5;0;0;0;25000;50;-1;-1;1276
2026-05-06 21:31:25;1;5;0;0;0;25000;50;-1;-1;1271
2026-05-06 21:31:25;1;5;0;0;0;25000;50;-1;-1;1258
2026-05-06 21:31:25;1;5;0;0;0;25000;50;-1;-1;2179
2026-05-06 21:31:25;1;5;0;0;0;25000;50;-1;-1;1343
2026-05-06 21:31:25;1;5;0;0;0;25000;50;-1;-1;1245
2026-05-06 21:31:25;1;5;0;0;0;25000;50;-1;-1;1296
2026-05-06 21:31:25;1;5;0;0;0;25000;50;-1;-1;1291
2026-05-06 21:31:25;1;5;0;0;0;25000;50;-1;-1;1265
2026-05-06 21:31:25;1;5;0;0;0;25000;50;-1;-1;1251
2026-05-06 21:31:25;1;5;0;0;0;25000;50;-1;-1;1274
2026-05-06 21:31:25;1;5;0;0;0;25000;50;-1;-1;1254
2026-05-06 21:31:25;1;5;0;0;0;25000;50;-1;-1;1400
2026-05-06 21:31:25;1;5;0;0;0;25000;50;-1;-1;1707
2026-05-06 21:31:25;1;5;0;0;0;25000;50;-1;-1;1243
2026-05-06 21:31:25;1;5;0;0;0;25000;50;-1;-1;1248
2026-05-06 21:31:25;1;5;0;0;0;25000;50;-1;-1;1244
2026-05-06 21:31:25;1;5;0;0;0;25000;50;-1;-1;1257
2026-05-06 21:31:25;1;5;0;0;0;25000;50;-1;-1;1282
2026-05-06 21:31:25;1;5;0;0;0;25000;50;-1;-1;1292
2026-05-06 21:31:25;1;5;0;0;0;25000;50;-1;-1;1253
2026-05-06 21:31:25;1;5;0;0;0;25000;50;-1;-1;1306
2026-05-06 21:31:25;1;5;0;0;0;25000;50;-1;-1;2102
2026-05-06 21:31:25;1;5;0;0;0;25000;50;-1;-1;1278
2026-05-06 21:31:25;1;5;0;0;0;25000;50;-1;-1;1635
2026-05-06 21:31:25;1;5;0;0;0;25000;50;-1;-1;1317
2026-05-06 21:31:25;1;5;0;0;0;25000;50;-1;-1;1288
2026-05-06 21:31:25;1;5;0;0;0;25000;50;-1;-1;1248
2026-05-06 21:31:25;1;5;0;0;0;25000;50;-1;-1;1238
2026-05-06 21:31:25;1;5;0;0;0;25000;50;-1;-1;1262
2026-05-06 21:31:25;1;5;0;0;0;25000;50;-1;-1;1274
2026-05-06 21:31:25;1;5;0;0;0;25000;50;-1;-1;1271
2026-05-06 21:31:25;1;5;0;0;0;25000;50;-1;-1;1314
2026-05-06 21:31:25;1;5;0;0;0;25000;50;-1;-1;1407
2026-05-06 21:31:25;1;5;0;0;0;25000;50;-1;-1;1789
2026-05-06 21:31:25;1;5;0;0;0;25000;50;-1;-1;1285
2026-05-06 21:31:25;1;5;0;0;0;25000;50;-1;-1;1261
2026-05-06 21:31:25;1;5;0;0;0;25000;50;-1;-1;1265
2026-05-06 21:31:25;1;5;0;0;0;25000;50;-1;-1;1343
2026-05-06 21:31:25;1;5;0;1;0;25000;50;-1;-1;1497
2026-05-06 21:31:25;1;5;0;1;0;25000;50;-1;-1;1508
2026-05-06 21:31:25;1;5;0;1;0;25000;50;-1;-1;1453
2026-05-06 21:31:26;1;5;0;1;0;25000;50;-1;-1;1756
2026-05-06 21:31:26;1;5;0;1;0;25000;50;-1;-1;1501
2026-05-06 21:31:26;1;5;0;1;0;25000;50;-1;-1;1438
2026-05-06 21:31:26;1;5;0;1;0;25000;50;-1;-1;1503
2026-05-06 21:31:26;1;5;0;1;0;25000;50;-1;-1;1507
2026-05-06 21:31:26;1;5;0;1;0;25000;50;-1;-1;1445
2026-05-06 21:31:26;1;5;0;1;0;25000;50;-1;-1;1470
2026-05-06 21:31:26;1;5;0;1;0;25000;50;-1;-1;1747
2026-05-06 21:31:26;1;5;0;1;0;25000;50;-1;-1;1592
2026-05-06 21:31:26;1;5;0;1;0;25000;50;-1;-1;1471
2026-05-06 21:31:26;1;5;0;1;0;25000;50;-1;-1;1556
2026-05-06 21:31:26;1;5;0;1;0;25000;50;-1;-1;1464
2026-05-06 21:31:26;1;5;0;1;0;25000;50;-1;-1;1890
2026-05-06 21:31:26;1;5;0;1;0;25000;50;-1;-1;1497
2026-05-06 21:31:26;1;5;0;1;0;25000;50;-1;-1;1458
2026-05-06 21:31:26;1;5;0;1;0;25000;50;-1;-1;1471
2026-05-06 21:31:26;1;5;0;1;0;25000;50;-1;-1;1421
2026-05-06 21:31:26;1;5;0;1;0;25000;50;-1;-1;1442
2026-05-06 21:31:26;1;5;0;1;0;25000;50;-1;-1;1444
2026-05-06 21:31:26;1;5;0;1;0;25000;50;-1;-1;1504
2026-05-06 21:31:26;1;5;0;1;0;25000;50;-1;-1;1436
2026-05-06 21:31:26;1;5;0;1;0;25000;50;-1;-1;1470
2026-05-06 21:31:26;1;5;0;1;0;25000;50;-1;-1;1442
2026-05-06 21:31:26;1;5;0;1;0;25000;50;-1;-1;1401
2026-05-06 21:31:26;1;5;0;1;0;25000;50;-1;-1;1509
2026-05-06 21:31:26;1;5;0;1;0;25000;50;-1;-1;1426
2026-05-06 21:31:26;1;5;0;1;0;25000;50;-1;-1;1466
2026-05-06 21:31:26;1;5;0;1;0;25000;50;-1;-1;1487
2026-05-06 21:31:26;1;5;0;1;0;25000;50;-1;-1;1451
2026-05-06 21:31:26;1;5;0;1;0;25000;50;-1;-1;1426
2026-05-06 21:31:26;1;5;0;1;0;25000;50;-1;-1;1464
2026-05-06 21:31:26;1;5;0;1;0;25000;50;-1;-1;1435
2026-05-06 21:31:26;1;5;0;1;0;25000;50;-1;-1;1635
2026-05-06 21:31:26;1;5;0;1;0;25000;50;-1;-1;1485
2026-05-06 21:31:26;1;5;0;1;0;25000;50;-1;-1;1442
2026-05-06 21:31:26;1;5;0;1;0;25000;50;-1;-1;1436
2026-05-06 21:31:26;1;5;0;1;0;25000;50;-1;-1;1406
2026-05-06 21:31:26;1;5;0;1;0;25000;50;-1;-1;1456
2026-05-06 21:31:26;1;5;0;1;0;25000;50;-1;-1;1523
2026-05-06 21:31:26;1;5;0;1;0;25000;50;-1;-1;1476
2026-05-06 21:31:26;1;5;0;1;0;25000;50;-1;-1;1482
2026-05-06 21:31:26;1;5;0;1;0;25000;50;-1;-1;1447
2026-05-06 21:31:26;1;5;0;1;0;25000;50;-1;-1;1918
2026-05-06 21:31:26;1;5;0;1;0;25000;50;-1;-1;1429
2026-05-06 21:31:26;1;5;0;1;0;25000;50;-1;-1;1516
2026-05-06 21:31:26;1;5;0;1;0;25000;50;-1;-1;1500
2026-05-06 21:31:26;1;5;0;1;0;25000;50;-1;-1;1488
2026-05-06 21:31:26;1;5;0;2;0;25000;50;-1;-1;1532
2026-05-06 21:31:26;1;5;0;2;0;25000;50;-1;-1;1491
2026-05-06 21:31:26;1;5;0;2;0;25000;50;-1;-1;1566
2026-05-06 21:31:26;1;5;0;2;0;25000;50;-1;-1;1452
2026-05-06 21:31:26;1;5;0;2;0;25000;50;-1;-1;1490
2026-05-06 21:31:26;1;5;0;2;0;25000;50;-1;-1;1468
2026-05-06 21:31:26;1;5;0;2;0;25000;50;-1;-1;1905
2026-05-06 21:31:26;1;5;0;2;0;25000;50;-1;-1;1455
2026-05-06 21:31:26;1;5;0;2;0;25000;50;-1;-1;1463
2026-05-06 21:31:26;1;5;0;2;0;25000;50;-1;-1;1437
2026-05-06 21:31:26;1;5;0;2;0;25000;50;-1;-1;1456
2026-05-06 21:31:26;1;5;0;2;0;25000;50;-1;-1;1450
2026-05-06 21:31:26;1;5;0;2;0;25000;50;-1;-1;1483
2026-05-06 21:31:26;1;5;0;2;0;25000;50;-1;-1;1449
2026-05-06 21:31:26;1;5;0;2;0;25000;50;-1;-1;1458
2026-05-06 21:31:26;1;5;0;2;0;25000;50;-1;-1;1486
2026-05-06 21:31:26;1;5;0;2;0;25000;50;-1;-1;1965
2026-05-06 21:31:26;1;5;0;2;0;25000;50;-1;-1;1447
2026-05-06 21:31:26;1;5;0;2;0;25000;50;-1;-1;1461
2026-05-06 21:31:26;1;5;0;2;0;25000;50;-1;-1;1466
2026-05-06 21:31:26;1;5;0;2;0;25000;50;-1;-1;1444
2026-05-06 21:31:26;1;5;0;2;0;25000;50;-1;-1;1511
2026-05-06 21:31:26;1;5;0;2;0;25000;50;-1;-1;1456
2026-05-06 21:31:26;1;5;0;2;0;25000;50;-1;-1;1480
2026-05-06 21:31:26;1;5;0;2;0;25000;50;-1;-1;1541
2026-05-06 21:31:26;1;5;0;2;0;25000;50;-1;-1;1458
2026-05-06 21:31:26;1;5;0;2;0;25000;50;-1;-1;1516
2026-05-06 21:31:26;1;5;0;2;0;25000;50;-1;-1;1515
2026-05-06 21:31:26;1;5;0;2;0;25000;50;-1;-1;1478
2026-05-06 21:31:26;1;5;0;2;0;25000;50;-1;-1;1467
2026-05-06 21:31:26;1;5;0;2;0;25000;50;-1;-1;1452
2026-05-06 21:31:26;1;5;0;2;0;25000;50;-1;-1;1443
2026-05-06 21:31:26;1;5;0;2;0;25000;50;-1;-1;1424
2026-05-06 21:31:26;1;5;0;2;0;25000;50;-1;-1;1491
2026-05-06 21:31:26;1;5;0;2;0;25000;50;-1;-1;1472
2026-05-06 21:31:26;1;5;0;2;0;25000;50;-1;-1;1496
2026-05-06 21:31:26;1;5;0;2;0;25000;50;-1;-1;1470
2026-05-06 21:31:26;1;5;0;2;0;25000;50;-1;-1;1462
2026-05-06 21:31:26;1;5;0;2;0;25000;50;-1;-1;1474
2026-05-06 21:31:26;1;5;0;2;0;25000;50;-1;-1;1471
2026-05-06 21:31:26;1;5;0;2;0;25000;50;-1;-1;1492
2026-05-06 21:31:26;1;5;0;2;0;25000;50;-1;-1;1480
2026-05-06 21:31:26;1;5;0;2;0;25000;50;-1;-1;1462
2026-05-06 21:31:26;1;5;0;2;0;25000;50;-1;-1;1419
2026-05-06 21:31:26;1;5;0;2;0;25000;50;-1;-1;1532
2026-05-06 21:31:26;1;5;0;2;0;25000;50;-1;-1;1495
2026-05-06 21:31:26;1;5;0;2;0;25000;50;-1;-1;1947
2026-05-06 21:31:26;1;5;0;2;0;25000;50;-1;-1;1405
2026-05-06 21:31:26;1;5;0;2;0;25000;50;-1;-1;1519
2026-05-06 21:31:26;1;5;0;2;0;25000;50;-1;-1;1447
2026-05-06 21:31:26;1;5;0;3;0;25000;50;-1;-1;2404
2026-05-06 21:31:26;1;5;0;3;0;25000;50;-1;-1;2828
2026-05-06 21:31:26;1;5;0;3;0;25000;50;-1;-1;2402
2026-05-06 21:31:27;1;5;0;3;0;25000;50;-1;-1;2726
2026-05-06 21:31:27;1;5;0;3;0;25000;50;-1;-1;2986
2026-05-06 21:31:27;1;5;0;3;0;25000;50;-1;-1;2335
2026-05-06 21:31:27;1;5;0;3;0;25000;50;-1;-1;2341
2026-05-06 21:31:27;1;5;0;3;0;25000;50;-1;-1;2362
2026-05-06 21:31:27;1;5;0;3;0;25000;50;-1;-1;2371
2026-05-06 21:31:27;1;5;0;3;0;25000;50;-1;-1;2332
2026-05-06 21:31:27;1;5;0;3;0;25000;50;-1;-1;2322
2026-05-06 21:31:27;1;5;0;3;0;25000;50;-1;-1;2353
2026-05-06 21:31:27;1;5;0;3;0;25000;50;-1;-1;2335
2026-05-06 21:31:27;1;5;0;3;0;25000;50;-1;-1;2329
2026-05-06 21:31:27;1;5;0;3;0;25000;50;-1;-1;2410
2026-05-06 21:31:27;1;5;0;3;0;25000;50;-1;-1;3153
2026-05-06 21:31:27;1;5;0;3;0;25000;50;-1;-1;2390
2026-05-06 21:31:27;1;5;0;3;0;25000;50;-1;-1;2344
2026-05-06 21:31:27;1;5;0;3;0;25000;50;-1;-1;2371
2026-05-06 21:31:27;1;5;0;3;0;25000;50;-1;-1;2364
2026-05-06 21:31:27;1;5;0;3;0;25000;50;-1;-1;2334
2026-05-06 21:31:27;1;5;0;3;0;25000;50;-1;-1;2445
2026-05-06 21:31:27;1;5;0;3;0;25000;50;-1;-1;2394
2026-05-06 21:31:27;1;5;0;3;0;25000;50;-1;-1;2359
2026-05-06 21:31:27;1;5;0;3;0;25000;50;-1;-1;3017
2026-05-06 21:31:27;1;5;0;3;0;25000;50;-1;-1;2314
2026-05-06 21:31:27;1;5;0;3;0;25000;50;-1;-1;2303
2026-05-06 21:31:27;1;5;0;3;0;25000;50;-1;-1;2299
2026-05-06 21:31:27;1;5;0;3;0;25000;50;-1;-1;2343
2026-05-06 21:31:27;1;5;0;3;0;25000;50;-1;-1;2585
2026-05-06 21:31:27;1;5;0;3;0;25000;50;-1;-1;3090
2026-05-06 21:31:27;1;5;0;3;0;25000;50;-1;-1;2318
2026-05-06 21:31:27;1;5;0;3;0;25000;50;-1;-1;2317
2026-05-06 21:31:27;1;5;0;3;0;25000;50;-1;-1;2329
2026-05-06 21:31:27;1;5;0;3;0;25000;50;-1;-1;3000
2026-05-06 21:31:27;1;5;0;3;0;25000;50;-1;-1;2411
2026-05-06 21:31:27;1;5;0;3;0;25000;50;-1;-1;2714
2026-05-06 21:31:27;1;5;0;3;0;25000;50;-1;-1;2986
2026-05-06 21:31:27;1;5;0;3;0;25000;50;-1;-1;2340
2026-05-06 21:31:27;1;5;0;3;0;25000;50;-1;-1;2928
2026-05-06 21:31:27;1;5;0;3;0;25000;50;-1;-1;3077
2026-05-06 21:31:27;1;5;0;3;0;25000;50;-1;-1;2629
2026-05-06 21:31:27;1;5;0;3;0;25000;50;-1;-1;2451
2026-05-06 21:31:27;1;5;0;3;0;25000;50;-1;-1;2571
2026-05-06 21:31:27;1;5;0;3;0;25000;50;-1;-1;2963
2026-05-06 21:31:27;1;5;0;3;0;25000;50;-1;-1;3072
2026-05-06 21:31:27;1;5;0;3;0;25000;50;-1;-1;3052
2026-05-06 21:31:27;1;5;0;3;0;25000;50;-1;-1;2316
2026-05-06 21:31:27;1;5;0;3;0;25000;50;-1;-1;2904
2026-05-06 21:31:27;1;5;0;3;0;25000;50;-1;-1;2349
2026-05-06 21:31:27;1;5;0;5;0;25000;50;-1;-1;1343
2026-05-06 21:31:27;1;5;0;5;0;25000;50;-1;-1;1297
2026-05-06 21:31:27;1;5;0;5;0;25000;50;-1;-1;1816
2026-05-06 21:31:27;1;5;0;5;0;25000;50;-1;-1;1330
2026-05-06 21:31:27;1;5;0;5;0;25000;50;-1;-1;1324
2026-05-06 21:31:27;1;5;0;5;0;25000;50;-1;-1;1344
2026-05-06 21:31:27;1;5;0;5;0;25000;50;-1;-1;1271
2026-05-06 21:31:27;1;5;0;5;0;25000;50;-1;-1;1334
2026-05-06 21:31:27;1;5;0;5;0;25000;50;-1;-1;1231
2026-05-06 21:31:27;1;5;0;5;0;25000;50;-1;-1;1246
2026-05-06 21:31:27;1;5;0;5;0;25000;50;-1;-1;1247
2026-05-06 21:31:27;1;5;0;5;0;25000;50;-1;-1;1292
2026-05-06 21:31:27;1;5;0;5;0;25000;50;-1;-1;1401
2026-05-06 21:31:27;1;5;0;5;0;25000;50;-1;-1;1283
2026-05-06 21:31:27;1;5;0;5;0;25000;50;-1;-1;1280
2026-05-06 21:31:27;1;5;0;5;0;25000;50;-1;-1;1256
2026-05-06 21:31:27;1;5;0;5;0;25000;50;-1;-1;1283
2026-05-06 21:31:27;1;5;0;5;0;25000;50;-1;-1;1277
2026-05-06 21:31:27;1;5;0;5;0;25000;50;-1;-1;1247
2026-05-06 21:31:27;1;5;0;5;0;25000;50;-1;-1;1255
2026-05-06 21:31:27;1;5;0;5;0;25000;50;-1;-1;1266
2026-05-06 21:31:27;1;5;0;5;0;25000;50;-1;-1;1272
2026-05-06 21:31:27;1;5;0;5;0;25000;50;-1;-1;1285
2026-05-06 21:31:27;1;5;0;5;0;25000;50;-1;-1;1257
2026-05-06 21:31:27;1;5;0;5;0;25000;50;-1;-1;1329
2026-05-06 21:31:27;1;5;0;5;0;25000;50;-1;-1;1302
2026-05-06 21:31:27;1;5;0;5;0;25000;50;-1;-1;1296
2026-05-06 21:31:27;1;5;0;5;0;25000;50;-1;-1;1274
2026-05-06 21:31:27;1;5;0;5;0;25000;50;-1;-1;1282
2026-05-06 21:31:27;1;5;0;5;0;25000;50;-1;-1;1849
2026-05-06 21:31:27;1;5;0;5;0;25000;50;-1;-1;1276
2026-05-06 21:31:27;1;5;0;5;0;25000;50;-1;-1;1275
2026-05-06 21:31:27;1;5;0;5;0;25000;50;-1;-1;1661
2026-05-06 21:31:27;1;5;0;5;0;25000;50;-1;-1;1434
2026-05-06 21:31:27;1;5;0;5;0;25000;50;-1;-1;1312
2026-05-06 21:31:27;1;5;0;5;0;25000;50;-1;-1;1257
2026-05-06 21:31:27;1;5;0;5;0;25000;50;-1;-1;1392
2026-05-06 21:31:27;1;5;0;5;0;25000;50;-1;-1;1302
2026-05-06 21:31:27;1;5;0;5;0;25000;50;-1;-1;1303
2026-05-06 21:31:27;1;5;0;5;0;25000;50;-1;-1;1318
2026-05-06 21:31:27;1;5;0;5;0;25000;50;-1;-1;1282
2026-05-06 21:31:27;1;5;0;5;0;25000;50;-1;-1;1322
2026-05-06 21:31:27;1;5;0;5;0;25000;50;-1;-1;1275
2026-05-06 21:31:27;1;5;0;5;0;25000;50;-1;-1;1249
2026-05-06 21:31:27;1;5;0;5;0;25000;50;-1;-1;1244
2026-05-06 21:31:27;1;5;0;5;0;25000;50;-1;-1;1275
2026-05-06 21:31:27;1;5;0;5;0;25000;50;-1;-1;1257
2026-05-06 21:31:27;1;5;0;5;0;25000;50;-1;-1;1261
2026-05-06 21:31:27;1;5;0;5;0;25000;50;-1;-1;1238
2026-05-06 21:31:27;1;5;0;5;0;25000;50;-1;-1;1269
